{"status":"success","data":{"activeTargets":[{"discoveredLabels":{"__address__":"api:8000","__metrics_path__":"/metrics","__scheme__":"http","__scrape_interval__":"15s","__scrape_timeout__":"10s","job":"ai_support_api"},"labels":{"instance":"api:8000","job":"ai_support_api"},"scrapePool":"ai_support_api","scrapeUrl":"http://api:8000/metrics","globalUrl":"http://api:8000/metrics","lastError":"","lastScrape":"2025-08-26T00:45:40.492082523Z","lastScrapeDuration":0.005792756,"health":"up","scrapeInterval":"15s","scrapeTimeout":"10s"}],"droppedTargets":[],"droppedTargetCounts":{"ai_support_api":0}}}