{"response":"根据文档 [DOC 1]，如何查看 Prometheus 指标的问题得到了直接回应。但由于具体内容未在示例文本中给出，因此无法提供具体的查看方法，可以参考文档 [DOC 1] 获取详细步骤。","sources":[{"id":"be87c716-455b-4a89-b17a-a5a76c25685b","score":1.0000001,"payload":{"tag":"faq","text":"如何查看 Prometheus 指标?","question":"如何查看 Prometheus 指标?","answer":null}},{"id":"8a5d981d-dec7-4640-8213-e2eed22d3999","score":0.8986816,"payload":{"tag":"faq","text":"如何导入示例数据?","question":"如何导入示例数据?","answer":null}},{"id":"85623618-8b0a-4213-801e-f9cf381acf62","score":0.87531054,"payload":{"tag":"faq","text":"如何排查 500 错误?","question":"如何排查 500 错误?","answer":null}},{"id":"4c3e5478-fe21-4806-aeab-5476b258a37a","score":0.8423358,"payload":{"tag":"faq","text":"如何进行 RAG 检索?","question":"如何进行 RAG 检索?","answer":null}},{"id":"393f769c-09bd-42fa-a04e-8fec5563cfe9","score":0.6249572,"payload":{"tag":"faq","text":"本地 AI 客服系统如何工作?","question":"本地 AI 客服系统如何工作?","answer":null}}],"meta":{"tenant":"_anon_","request_id":"4e47a910d9ce4334a693f20b7ad451e8","use_rag":true,"collection":"metrics_demo_1d","top_k":5,"match":true}}