[{"annotations":{"description":"用于本地联调告警链路与 Webhook 接收端。","summary":"演示告警（始终触发）"},"endsAt":"2025-08-21T09:49:36.913Z","fingerprint":"2421219a4611ccf1","receivers":[{"name":"default-webhook"}],"startsAt":"2025-08-20T04:50:06.913Z","status":{"inhibitedBy":[],"mutedBy":[],"silencedBy":[],"state":"active"},"updatedAt":"2025-08-21T09:45:36.990Z","generatorURL":"http://e9f067c4a163:9090/graph?g0.expr=vector%281%29\u0026g0.tab=1","labels":{"alertname":"AlwaysFiringDemo","severity":"info","tenant":"demo"}}]
