{"response":"您可以在Prometheus的控制台中通过以下步骤来查看指标:\n\n1. 登录到Prometheus容器管理器。\n\n2. 转至\"metrics\"菜单，然后选择您想查看的具体指标。您可以通过点击仪表盘中的某个子指标或图标，或者单击具体子指标的标题以跳转。\n\n3. 在Prometheus的监控界面中，您可以使用命令行窗口、控制台或其他方式访问到您想要查看的指标。这些数据将直接显示在您的终端或浏览器的屏幕右上角。","sources":[{"id":"df8b05b5-fbc1-4e66-b708-b52e417644b6","score":1.0000001,"payload":{"tag":"faq","text":"如何查看 Prometheus 指标?","question":"如何查看 Prometheus 指标?","answer":null}},{"id":"aa1f2266-3d46-4d51-9887-7658c83a5d35","score":0.91776145,"payload":{"tag":"faq","text":"如何导入示例数据?","question":"如何导入示例数据?","answer":null}},{"id":"bfd24f6b-1453-484d-ad9b-024c75def7f4","score":0.86778194,"payload":{"tag":"faq","text":"如何进行 RAG 检索?","question":"如何进行 RAG 检索?","answer":null}},{"id":"35e1aae4-6bd2-45c1-bb04-4767135b2017","score":0.82197237,"payload":{"tag":"faq","text":"如何排查 500 错误?","question":"如何排查 500 错误?","answer":null}},{"id":"a8370c5b-9d78-4e75-8505-ecae53cbd826","score":0.77629864,"payload":{"tag":"faq","text":"本地 AI 客服系统如何工作?","question":"本地 AI 客服系统如何工作?","answer":null}}],"meta":{"tenant":"_anon_","request_id":"247b689b93b34d319ceed4bfac4d412e","use_rag":true,"collection":"default_collection","top_k":5,"match":true}}