{"response":"您可以通过输入以下命令来查看 Prometheus 指标：`monitor.sh -c PrometheusMetrics`","sources":[{"id":"d8e8d411-4808-4c95-b128-9f0e09953b7e","score":1.0000001,"payload":{"tag":"faq","text":"如何查看 Prometheus 指标?","question":"如何查看 Prometheus 指标?","answer":null}},{"id":"37d5c56a-cbcb-404d-8340-cc679e9b077e","score":0.91776145,"payload":{"tag":"faq","text":"如何导入示例数据?","question":"如何导入示例数据?","answer":null}},{"id":"c13e7bec-7f58-45f7-a5c3-c19d5f4ec61b","score":0.86778194,"payload":{"tag":"faq","text":"如何进行 RAG 检索?","question":"如何进行 RAG 检索?","answer":null}},{"id":"d1fd5ab5-eb47-4bf8-8a3a-f3fb85014a0d","score":0.82197237,"payload":{"tag":"faq","text":"如何排查 500 错误?","question":"如何排查 500 错误?","answer":null}},{"id":"35e47874-b1ce-479d-bc49-c779467993c6","score":0.77629864,"payload":{"tag":"faq","text":"本地 AI 客服系统如何工作?","question":"本地 AI 客服系统如何工作?","answer":null}}],"meta":{"tenant":"_anon_","request_id":"478e939bc87241748a4d5fa1cdf50237","use_rag":true,"collection":"default_collection","top_k":5,"match":true}}