{"response":"在Prometheus中，你可以使用 `prometheus_client` API 来查看指标。你可以在服务器端创建一个服务，然后使用这个服务的`listen()`方法来接收 Prometheus server发送过来的命令行参数。例如，在 `start()`, `stop()`, `reload()`, `list_metrics()`, `get_metrics()`, `delete_metric()`, 和 `flush_all_metrics()` 方法中使用这些方法可以查看到指定指标。","sources":[{"id":"6a5353e4-5332-4203-b666-addabd63f0d2","score":1.0000001,"payload":{"tag":"faq","text":"如何查看 Prometheus 指标?","question":"如何查看 Prometheus 指标?","answer":null}},{"id":"12b77dd0-db10-468a-829e-9cebddf4b7d3","score":0.91776145,"payload":{"tag":"faq","text":"如何导入示例数据?","question":"如何导入示例数据?","answer":null}},{"id":"9bf74b9a-e5dc-4557-a648-060b4a3cce8c","score":0.86778194,"payload":{"tag":"faq","text":"如何进行 RAG 检索?","question":"如何进行 RAG 检索?","answer":null}},{"id":"6be9769a-bcd3-46e0-a2b4-c15e835ebca9","score":0.82197237,"payload":{"tag":"faq","text":"如何排查 500 错误?","question":"如何排查 500 错误?","answer":null}},{"id":"aef346bb-a47a-4664-81ba-e07bc694b8c3","score":0.77629864,"payload":{"tag":"faq","text":"本地 AI 客服系统如何工作?","question":"本地 AI 客服系统如何工作?","answer":null}}],"meta":{"tenant":"_anon_","request_id":"6e8736e00ea4436392a1c384f42c6cb4","use_rag":true,"collection":"default_collection","top_k":5,"match":true}}