{"response":"可以使用 Prometheus 的官方文档或者友好的命令行来查看指标，如 `sudo promql` 或者 `promql --json`等。此外还可以通过控制台输入以下命令进行指标查询：\n```bash\npython3 -m prometheus_client \\\n--config-file=/etc/prometheus/client.yaml \\\n-rate-limit-classes=-100ms:200ms:auto \\\n-ratelimit-channels=CONTAINERS --chart /opt/tracehub/tracing\n\n```\n\n或者通过 Prometheus 的 API 进行查询，如：\n\n```bash\nhttps://prometheus.sh/api/chart/your-chart-id/\n```","sources":[{"id":"809f1b24-7d1c-4a90-8ec1-0b89bceb19d6","score":1.0000001,"payload":{"tag":"faq","text":"如何查看 Prometheus 指标?","question":"如何查看 Prometheus 指标?","answer":null}},{"id":"e6788065-b4ff-4b30-bf68-49466f29688a","score":0.91776145,"payload":{"tag":"faq","text":"如何导入示例数据?","question":"如何导入示例数据?","answer":null}},{"id":"388ff6de-6d69-4f67-ad00-e75d9ebf4790","score":0.86778194,"payload":{"tag":"faq","text":"如何进行 RAG 检索?","question":"如何进行 RAG 检索?","answer":null}},{"id":"963c0ff0-b917-487e-89b9-06fe9da5505c","score":0.82197237,"payload":{"tag":"faq","text":"如何排查 500 错误?","question":"如何排查 500 错误?","answer":null}},{"id":"f485f807-41da-4221-a3d2-365bafa88322","score":0.77629864,"payload":{"tag":"faq","text":"本地 AI 客服系统如何工作?","question":"本地 AI 客服系统如何工作?","answer":null}}],"meta":{"tenant":"_anon_","request_id":"a8b233ee80f14457a6ce4d03e1325c08","use_rag":true,"collection":"default_collection","top_k":5,"match":true}}