{"response":"根据提供的文档上下文，您可以参考[DOC 1]如何查看 Prometheus 指标。不过具体步骤未在文档中给出，请根据实际情况进行操作或查阅相关官方文档获取详细信息。","sources":[{"id":"46a2b517-6211-4f57-9b8e-02fa6698ffc8","score":1.0000001,"payload":{"tag":"faq","text":"如何查看 Prometheus 指标?","question":"如何查看 Prometheus 指标?","answer":null}},{"id":"c98d0c4f-a92d-4b2b-857f-c0c1974da726","score":0.8986816,"payload":{"tag":"faq","text":"如何导入示例数据?","question":"如何导入示例数据?","answer":null}},{"id":"e29481c8-bcf4-439a-8e11-4b60ce161d95","score":0.87531054,"payload":{"tag":"faq","text":"如何排查 500 错误?","question":"如何排查 500 错误?","answer":null}},{"id":"135b3b5a-2d62-474f-b179-0961bb0af9c1","score":0.8423358,"payload":{"tag":"faq","text":"如何进行 RAG 检索?","question":"如何进行 RAG 检索?","answer":null}},{"id":"67fbe8fe-f36d-4d81-9218-582e2ec8a78f","score":0.6249572,"payload":{"tag":"faq","text":"本地 AI 客服系统如何工作?","question":"本地 AI 客服系统如何工作?","answer":null}}],"meta":{"tenant":"_anon_","request_id":"1ca9ba6221bd4d0b815380ee874c9ee1","use_rag":true,"collection":"metrics_demo_1d","top_k":5,"match":true}}