{"response":"在 Prometheus 中，你可以通过以下命令来查看指标:\n\n```bash\n$ prometheus-client --list-std-out\n\n`--list-std-out` 是一个选项，意味着你想要输出 Prometheus 的标准输出，而不是详细输出。\n\n对于其他 Prometheus 指标如 CPU、内存等，可以使用 `-C` 或 `--cpu` 或 `-M` 或 `--memory` 等命令来指定这些指标的详细描述。","sources":[{"id":"ce7b18fc-9733-479e-8965-6d6f2fbe764d","score":1.0000001,"payload":{"tag":"faq","text":"如何查看 Prometheus 指标?","question":"如何查看 Prometheus 指标?","answer":null}},{"id":"9dd8afcb-b948-4328-bd46-df1aa1a2739e","score":0.91776145,"payload":{"tag":"faq","text":"如何导入示例数据?","question":"如何导入示例数据?","answer":null}},{"id":"b0cac9df-670f-47eb-94c0-d800e52cf390","score":0.86778194,"payload":{"tag":"faq","text":"如何进行 RAG 检索?","question":"如何进行 RAG 检索?","answer":null}},{"id":"db7a2b44-bbe5-4207-a75e-5b6ceaf70594","score":0.82197237,"payload":{"tag":"faq","text":"如何排查 500 错误?","question":"如何排查 500 错误?","answer":null}},{"id":"017d2507-f0b6-4619-aeb3-d373f612003a","score":0.77629864,"payload":{"tag":"faq","text":"本地 AI 客服系统如何工作?","question":"本地 AI 客服系统如何工作?","answer":null}}],"meta":{"tenant":"_anon_","request_id":"ceddbb52996d47d6846eef785a4c9070","use_rag":true,"collection":"default_collection","top_k":5,"match":true}}